Quantiles,pre,post,1 mo,6 mo,12 mo,total,IVH,PBI
Max_DR,0.005624530978193582,0.0052071997561826296,0.005290019178792911,0.005015152576018347,0.004926360850489861,0.005624530978193582,0.005609654199253527,0.00542011295775457
99%_DR,0.004739964685322674,0.004852169501058142,0.004718866967136506,0.004198816114460793,0.004131016327741741,0.004708190141853884,0.005058967018213116,0.004385155567176094
95%_DR,0.00416946882269167,0.004437570788681541,0.004337718044275719,0.003431999881123322,0.003438741302948364,0.00416397435183939,0.004814282656512913,0.0035979153890633177
5%_DR,0.0015748168358235464,0.0017824855257408474,0.001607738283525613,0.0011811946940045864,0.0009768175047406404,0.0012832739305524052,0.0016679596956188046,0.0016589953789999032
1%_DR,0.0013415201018307686,0.0012518664944507554,0.001161440436140219,0.0008194419331285753,0.0007008376756457114,0.000845775308167544,0.0013433315386372029,0.001273993604974997
Min_DR,0.0010120018119866353,0.0008498015588702546,0.0007731727995032771,0.0004845448091323122,0.0005897576874989757,0.0004845448091323122,0.0010387739485995563,0.0009285376517415135
