Quantiles,pre,post,1 mo,6 mo,12 mo,total,IVH,PBI
Max_DR,0.006013728190075607,0.00578512036300483,0.005688213503285787,0.005476239930676977,0.005264346217404983,0.006013728190075607,0.0059535557487783095,0.006225432654025966
99%_DR,0.0054063013890866965,0.0053548151461344316,0.0052650989609651175,0.004648214606667424,0.004827664267948814,0.005252374043407902,0.005636848637342203,0.005296516261396245
95%_DR,0.004782255248727483,0.004979155715903396,0.0049723205820811035,0.004103219057556209,0.004024262264240376,0.004764710481305573,0.005397688775860555,0.004438855457606677
5%_DR,0.002153806986733226,0.002354525916085514,0.002196121848082703,0.0017510223156773478,0.0014645911456520305,0.001837121897095376,0.0020387975213362335,0.0019527878793907023
1%_DR,0.0018572156734500912,0.0018657782468716679,0.0017432328872898576,0.0013493124090500643,0.0012167308545161062,0.0013729252855913458,0.001805247416287122,0.0016426447990546358
Min_DR,0.001561710017758516,0.0013729826433171463,0.0011228877669200122,0.0008283998755143621,0.0009413376850543554,0.0008283998755143621,0.0015250358505751293,0.0014203020362811456
