Quantiles,pre,post,1 mo,6 mo,12 mo,total,IVH,PBI
Max_DR,0.0059625182963317725,0.005814297957812024,0.005790920073134109,0.005553510298675603,0.005375902216238513,0.0059625182963317725,0.005953523209768253,0.006234747846724275
99%_DR,0.005505647699402803,0.005419129219771925,0.005450291130534337,0.004791888666816539,0.005049565670536142,0.005378285901506655,0.005671511123823232,0.005392867071014775
95%_DR,0.004969369269676166,0.005091764526126444,0.005116406064078324,0.004390852828960339,0.0043037698044002095,0.004925747474864432,0.005502412964649905,0.004594984201754167
5%_DR,0.002356860454233539,0.0025781167591261986,0.002341858240904971,0.001957404208150625,0.0017274672141920668,0.0020809422492522674,0.002303680347399368,0.0022095651737812755
1%_DR,0.002007339996015532,0.002188152078224356,0.0019286404644175015,0.0014959732045845902,0.0014885607022525281,0.0016256326303913612,0.0019516929298237578,0.001745209558341229
Min_DR,0.0017513973841419418,0.0014594409115556144,0.001313157795447636,0.0010413676679448085,0.001202331850370595,0.0010413676679448085,0.0017624915715811886,0.0015352327986234537
