Quantiles,pre,post,1 mo,6 mo,12 mo,total,IVH,PBI
Max_DR,0.005285964688385648,0.005391893647011835,0.005437607985748243,0.0053182891381300485,0.005160482341405666,0.005437607985748243,0.0056537131738710845,0.005539619749793462
99%_DR,0.005046840857596581,0.004964585475358041,0.004949983378177062,0.00480532682422059,0.004788445479018495,0.004946758766106171,0.005335372351104859,0.00498801271866082
95%_DR,0.004594590812915314,0.004711255492145785,0.004764403785888555,0.00426796219917779,0.004081894635304115,0.004589061614945775,0.005188023211465435,0.0042664033012429076
5%_DR,0.0022805606789269473,0.002437416225978278,0.002328697686402989,0.0018812190031828855,0.0016846421195307025,0.0020204403362951763,0.002184755253584425,0.002133682454683748
1%_DR,0.0019643866562943993,0.0019669202069868548,0.0018657168259663451,0.0014872401103145395,0.0014337632654658956,0.0015835904371433473,0.001933212332694231,0.001639947570842208
Min_DR,0.0015930827572319822,0.0015981765434574914,0.0012840107026537353,0.0009228105984037196,0.0011300699929369874,0.0009228105984037196,0.0016550201058967034,0.001392251274256325
