Quantiles,pre,post,1 mo,6 mo,12 mo,total,IVH,PBI
Max_DR,0.005879749213615687,0.00568006561745774,0.005733152445182113,0.005735873382283366,0.005316073112530233,0.005879749213615687,0.005891201180166332,0.00571496501553008
99%_DR,0.0054008232170783465,0.005299104820817487,0.005395933041012913,0.005052435611883631,0.005106313876267338,0.005287172916805704,0.005737080602871156,0.005348153329139521
95%_DR,0.004980063052971793,0.005055136195659689,0.005085679344192033,0.004654124550801667,0.004482272721211887,0.004951188354769353,0.005537102812299253,0.004512980181813458
5%_DR,0.0026363911938543055,0.002785505809264338,0.002718711794004666,0.0022692847994406247,0.0020734819150861456,0.002390557076254997,0.002629335252760007,0.002326891407014267
1%_DR,0.0023101262055335173,0.0023814780771133606,0.002256515913354236,0.0018225827912566291,0.0017438129914618729,0.0019037145687526805,0.0022531264193871472,0.0018943991188892229
Min_DR,0.0018685091067041591,0.001962870258497725,0.001488725440819971,0.0013104269032975884,0.0013835063923067555,0.0013104269032975884,0.0018908226483270356,0.0016982062442341618
