Quantiles,pre,post,1 mo,6 mo,12 mo,total,IVH,PBI
Max_DR,0.005923025677143288,0.005716046306263011,0.005798297086939982,0.005403148089879881,0.00544010840597399,0.005923025677143288,0.005934553699847991,0.005997703781651867
99%_DR,0.005422050798316103,0.005411104506432029,0.005461724801397576,0.005102883139903742,0.005126262992610209,0.005371473814232332,0.005854054225877128,0.0056208923088269394
95%_DR,0.005098735592255215,0.005194683235659147,0.00515807760657529,0.004747680497836548,0.004597606883943187,0.005059016285084332,0.00558534729470037,0.004659066274751087
5%_DR,0.0028442629321583494,0.0029847919448079204,0.002920005483071161,0.002453961685412655,0.002242924483870499,0.0025708608220153173,0.002669736912230927,0.0023900714324841875
1%_DR,0.0024656306768567155,0.0025532228301445832,0.002403370481551956,0.0019393476056023481,0.0019142996513032177,0.002062512268820181,0.0022734142104558343,0.0019568384640518558
Min_DR,0.0019567241183520876,0.002191223236830506,0.0016210919803350543,0.0014217433122349556,0.001537151540351645,0.0014217433122349556,0.0018986334362119763,0.0014459577152079188
