Quantiles,pre,post,1 mo,6 mo,12 mo,total,IVH,PBI
Max_DR,0.0057628124173604335,0.0055404261051486365,0.005624178290034717,0.005231884226271735,0.005288209500551881,0.0057628124173604335,0.006730521257520989,0.005863151651276539
99%_DR,0.005379020617559678,0.005231199810207268,0.00534978638114958,0.00496740033595514,0.004837468987272804,0.005220449708783715,0.005720922873287655,0.005318083496851168
95%_DR,0.004970423949774334,0.004998711265459578,0.00499696529372223,0.004603490908035553,0.004433490418200811,0.004906758048666354,0.005407887698689848,0.004672611846878955
5%_DR,0.0027450364791197774,0.002897685027479402,0.002840865389837813,0.002365683118265524,0.0021840691580315838,0.0025110569341480135,0.002941204115359184,0.0024336842870657017
1%_DR,0.00240417382180475,0.0024496960262360805,0.002347501276814878,0.0018976021032232843,0.001865076256707485,0.002022074003776643,0.0024929810942371246,0.0020102176620352104
Min_DR,0.0018774968218662996,0.0021115714930727294,0.0015942336430905357,0.0013830519347124497,0.0014910971542261826,0.0013830519347124497,0.0022060816213095437,0.0014799724924125868
