Quantiles,pre,post,1 mo,6 mo,12 mo,total,IVH,PBI
Max_DR,0.0010972187185674669,0.0011647254428782607,0.0010087152727102557,0.000982501089939909,0.0007271491631143783,0.0011647254428782607,0.001418356454975738,0.0015559552742331507
99%_DR,0.0006947189743585513,0.001059697333623402,0.000848944464279565,0.00047431021080740097,0.0005856920823889719,0.0008279565992586329,0.0009442658365123983,0.0007294639965687486
95%_DR,0.0005029170951622123,0.0007314462315266691,0.0006874953642239533,0.0003312664818584949,0.0002955133692174458,0.0005646434443018008,0.0007515426474067275,0.0003426949190957896
5%_DR,6.701583000532129e-05,8.084553247358167e-05,6.954304081731799e-05,4.2983068339986595e-05,2.9060111435471923e-05,4.753425352156398e-05,6.023813866168289e-05,5.524300642892169e-05
1%_DR,4.814997754969888e-05,4.8625703834536385e-05,4.256549312812453e-05,2.438558629064744e-05,1.9674745080845e-05,2.5594316980245108e-05,4.593045395529533e-05,4.0420282986966145e-05
Min_DR,3.451589487247801e-05,2.5155606030637507e-05,1.697039521080387e-05,9.135759103021566e-06,1.1347587049841503e-05,9.135759103021566e-06,3.252249970199646e-05,2.8271501991670624e-05
