Quantiles,pre,post,1 mo,6 mo,12 mo,total,IVH,PBI
Max_DR,0.0011177199217470846,0.0011601297124704368,0.0011153160257764774,0.0010641308949434027,0.0008259223726762464,0.0011601297124704368,0.001477242479374144,0.001555392432749037
99%_DR,0.0007584321921501616,0.0010862042738313082,0.0009515147477261326,0.0006313302925615857,0.0007023456788780245,0.0009314826310233901,0.0009845572244498622,0.0007996609723596438
95%_DR,0.0005859342768672606,0.0007930909823218228,0.0007667764451966607,0.000391226369000852,0.0003719278781944061,0.0006350603090236397,0.000799276881508805,0.0003775697054850564
5%_DR,8.14490541278175e-05,9.994738873317638e-05,8.274773571137858e-05,5.4801749268650494e-05,4.216050109036644e-05,6.27224156233135e-05,7.836451744249715e-05,7.304842226780155e-05
1%_DR,5.666769416613228e-05,6.843008581807776e-05,5.381526062706989e-05,3.1518665719815623e-05,2.9902054256278214e-05,3.731813914888705e-05,5.6910406521683994e-05,4.8333233661857535e-05
Min_DR,4.311603580260607e-05,2.8539307009080663e-05,2.3502050012278647e-05,1.4549968181889658e-05,1.9221170187128053e-05,1.4549968181889658e-05,4.436420370882237e-05,3.311767710185995e-05
