Quantiles,pre,post,1 mo,6 mo,12 mo,total,IVH,PBI
Max_DR,0.001000766009086299,0.0011846415524017309,0.001087700453504086,0.0011057318233223886,0.0008977776736497269,0.0011846415524017309,0.0014842684028721523,0.0014558527127181875
99%_DR,0.0007553955386310717,0.00107056116134569,0.0009838412002610732,0.000800896380982229,0.0007486130744254145,0.0009562280565059907,0.001007403028439599,0.0008115709292279747
95%_DR,0.0005977177198742965,0.0008157393829591504,0.0008042037836590046,0.0004819923380159827,0.00044334967046521893,0.0006786707572834573,0.0008323128217225324,0.0003959015934255706
5%_DR,0.00010401846680343834,0.00011906384833220474,0.00011033668060265167,7.412035362919974e-05,6.0788968716782464e-05,8.382292653120832e-05,0.00010348335886734952,7.885907258151946e-05
1%_DR,7.761545584297092e-05,8.245796751088742e-05,7.306169226010591e-05,4.6002505288447935e-05,4.239273684932157e-05,5.053582845877151e-05,7.585107798149031e-05,5.162546256818065e-05
Min_DR,4.841619400596519e-05,5.378394058466821e-05,3.0052070046833073e-05,2.2387853366586686e-05,2.6023836796806412e-05,2.2387853366586686e-05,4.9625625185047395e-05,4.055908675097353e-05
