Quantiles,pre,post,1 mo,6 mo,12 mo,total,IVH,PBI
Max_DR,0.0010922115527303286,0.0011635379303180553,0.0010926271799439485,0.0011066359263231416,0.0009225443878039865,0.0011635379303180553,0.0011398132525844166,0.0013196558619435496
99%_DR,0.0008517510117770522,0.0010782492857398494,0.0010093540206580097,0.0007750452827559987,0.0007448094979815162,0.0009680232939396885,0.0009490368997321251,0.0009479703288768772
95%_DR,0.0006424457850216779,0.0008534490224523433,0.0008419287927295232,0.0005091737519141956,0.00046162302192896936,0.0007190242936601157,0.0008234948847821531,0.0004603797789020567
5%_DR,0.00011424875244405638,0.00013078805016753913,0.00012420594646524177,8.18703692041809e-05,6.847846005980399e-05,9.305722163651014e-05,0.00013492460388116604,8.694954425779691e-05
1%_DR,8.43805774371134e-05,9.01761507237261e-05,7.98259727527398e-05,4.99768859063591e-05,4.880929205937007e-05,5.79761591774537e-05,9.111741741051115e-05,5.744912624263724e-05
Min_DR,4.880665275658288e-05,6.663628680096707e-05,3.436354798348083e-05,2.5166042366381927e-05,2.9931340705264503e-05,2.5166042366381927e-05,7.128959332250262e-05,2.9132805175542395e-05
