Quantiles,pre,post,1 mo,6 mo,12 mo,total,IVH,PBI
Max_DR,0.0005372880405780582,0.0007130748422505262,0.0004890223658998116,0.0004976174401761248,0.00032827238826492347,0.0007130748422505262,0.0007995908756464057,0.0009483440957864437
99%_DR,0.000293486732429881,0.0006060564849976288,0.0003857910166292018,0.0001756980931197887,0.00023281477106795956,0.0003858393007189853,0.00046786421263313963,0.00031694343895506834
95%_DR,0.00019041463291337462,0.0003251012881828336,0.0002893945085556315,0.00011069693459921757,9.571023046087028e-05,0.00022396811777219597,0.0003275778748740717,0.00011670570644053438
5%_DR,1.504445443496926e-05,1.8928549532654447e-05,1.5891915363838487e-05,8.523111019363688e-06,5.144284469586054e-06,9.630718519139366e-06,1.3130965151914906e-05,1.1954796928831903e-05
1%_DR,9.766947230051551e-06,9.773915090686118e-06,8.402987933221863e-06,4.094959839287955e-06,3.140979900800662e-06,4.356507563376186e-06,9.193262588171588e-06,8.10790394839852e-06
Min_DR,6.480732053428168e-06,4.279298290940521e-06,2.64932933649509e-06,1.2230152148905665e-06,1.5706874140165776e-06,1.2230152148905665e-06,6.031643755734812e-06,5.078907799566265e-06
