Quantiles,pre,post,1 mo,6 mo,12 mo,total,IVH,PBI
Max_DR,0.0004967557557199681,0.000637362603095717,0.000535527660516337,0.0005702147834517664,0.00034600748408468375,0.000637362603095717,0.0008399872381959789,0.0009088310589473698
99%_DR,0.0002465158384619485,0.000572523527776035,0.0004094966870790713,0.0002833967448828034,0.00026093674947591283,0.00040461088235342304,0.0004239910203187927,0.0002269694083223007
95%_DR,0.0001786205801589371,0.0003248214202658024,0.000286580528149221,0.00013421023486394064,0.00011919776373829971,0.00022531497727632972,0.00030747672038238005,0.00010740701322726782
5%_DR,1.7235466464969183e-05,2.069797886327062e-05,1.8191783796558777e-05,1.0035496740729311e-05,7.427415438163447e-06,1.2266624111494967e-05,1.533165280918404e-05,1.460978193972845e-05
1%_DR,1.1434548417424938e-05,1.1104057175414826e-05,9.60146106896196e-06,5.150942234300974e-06,4.786745890555712e-06,6.257727816801909e-06,1.1156847669717587e-05,7.3043348799133265e-06
Min_DR,6.335496622405117e-06,6.277063649192015e-06,3.564171651498892e-06,1.4694912434490115e-06,2.577383422867899e-06,1.4694912434490115e-06,6.882676544488144e-06,4.407240181426566e-06
