Quantiles,pre,post,1 mo,6 mo,12 mo,total,IVH,PBI
Max_DR,0.00026729518460015186,0.00040011501275219994,0.000308157049168331,0.00033061751413676274,0.0001616480418270737,0.00040011501275219994,0.0005107849578563785,0.0005999752010136195
99%_DR,0.00010589323721634738,0.00032281754377108375,0.00020525399255573427,0.00012656760873821924,0.00011428496258379877,0.00020160236778086406,0.00021000862348701237,9.566157473831571e-05
95%_DR,7.098351653314339e-05,0.0001558458734193103,0.00012799913803282882,5.012245371931452e-05,4.3280091441817564e-05,9.506195805590467e-05,0.00013891571549634512,3.87068857189568e-05
5%_DR,4.2752465184359405e-06,5.2817487177533115e-06,4.404621344656114e-06,2.213780787579539e-06,1.538733732995766e-06,2.7958812396677025e-06,3.7030893903904182e-06,3.4673484912905887e-06
1%_DR,2.568820976870232e-06,2.465597819901073e-06,2.0893529125210834e-06,9.728669640092452e-07,9.015885698786236e-07,1.2329826906635385e-06,2.5105476438451357e-06,1.5311949056286624e-06
Min_DR,1.263361660528464e-06,1.238483530993777e-06,6.320778820651951e-07,2.1665064001033437e-07,4.295880830018793e-07,2.1665064001033437e-07,1.380622600584794e-06,8.153415143348355e-07
