pre,post,1 mo,6 mo,12 mo,total,IVH,PBI
0.0002973493445794223,0.00046070918851256624,0.000299524197970359,0.0003048075697556724,0.00019239489725527163,0.00046070918851256624,0.000510261593875783,0.0006253329385645232
0.00014971972288052224,0.00040923383695458913,0.00022612404985054255,0.00011027632524971457,0.00013241053315425074,0.00022825289023679126,0.0002465160109173768,0.00017244264034097163
9.920565132459258e-05,0.00017563204573494497,0.00015785165534243822,5.14732142244557e-05,4.80730223097667e-05,0.00011451544976601542,0.00016327215665327033,4.921736264119639e-05
4.85261847063159e-06,6.573077242600278e-06,5.01106029262809e-06,2.5835096827495146e-06,1.7635286150061622e-06,3.1909047792191646e-06,4.498822593411688e-06,4.301122367910981e-06
2.8779569386561893e-06,3.5646399498870177e-06,2.5165837130273434e-06,1.1695353910477593e-06,1.0460512117166015e-06,1.4862911688071174e-06,2.948701862501608e-06,2.3961093801109397e-06
1.8430322326184706e-06,9.501790160610958e-07,7.343415942052777e-07,3.5687008058154595e-07,5.320625442515993e-07,3.5687008058154595e-07,1.9587213469975504e-06,1.2545936350341989e-06
