pre,post,1 mo,6 mo,12 mo,total,IVH,PBI
0.000192915422079661,0.00040040593659970133,0.0001951453215110862,0.00018626245746224598,0.00010108087787253938,0.00040040593659970133,0.0004252747794877531,0.0005764601557835654
8.473035854254438e-05,0.0002989035255352581,0.00012744046280855926,5.469225946159439e-05,5.2829618428508184e-05,0.00013971424153096527,0.00012145940874673107,4.897856764226652e-05
3.931260631007191e-05,0.00011214516724495552,7.807126152410076e-05,1.9400530782972666e-05,1.9217366954293265e-05,5.4569439180709966e-05,8.753616981499472e-05,2.0042327666263814e-05
1.2669580374565519e-06,1.8435930122560967e-06,1.3310093279949875e-06,4.81347869107115e-07,2.7206532993297267e-07,6.438730928990351e-07,1.5558861701923178e-06,1.60362050511701e-06
7.120692625119859e-07,5.394894031926904e-07,4.815225847190729e-07,1.5314505442277481e-07,9.991535967889403e-08,1.703849879715604e-07,8.452102039822216e-07,7.115324466346269e-07
3.3265254909127123e-07,1.6278768457231044e-07,1.0968425995346649e-07,2.9385033385820657e-08,5.214317862837246e-08,2.9385033385820657e-08,3.189720995489616e-07,2.8001012047231223e-07
