Quantiles,pre,post,1 mo,6 mo,12 mo,total,IVH,PBI
Max_DR,0.001904502494257753,0.002045716851104379,0.0018663245810073522,0.0017700506938921616,0.0016061868269845077,0.002045716851104379,0.0025915864024833616,0.002589872208913533
99%_DR,0.0014686403400557121,0.0018611476594797367,0.0015920855194795185,0.0012190080398315343,0.001210873401745418,0.001641683368013117,0.001689500342800809,0.0011796787895467851
95%_DR,0.001087264217215851,0.0015571209259948406,0.001376366443204564,0.0007909757357600267,0.0007786338060841477,0.0012247429778079544,0.0014751474831474181,0.0007849595726312272
5%_DR,0.0002110450123544332,0.00025424582696571563,0.00021527919005286214,0.0001317768985627886,9.854661342854483e-05,0.00015208859893855612,0.00023018205697567865,0.0002259350617178483
1%_DR,0.00016147339311751272,0.0001448984159108184,0.00012994930015373788,7.671913252245856e-05,5.9039227076724505e-05,7.855019824659675e-05,0.00016477046725574891,0.00015163673696816303
Min_DR,0.00010567034567915454,7.880633137740214e-05,6.825224510933166e-05,3.335084744929902e-05,4.484086218038815e-05,3.335084744929902e-05,0.00010809091400072262,9.418240969182799e-05
