Quantiles,pre,post,1 mo,6 mo,12 mo,total,IVH,PBI
Max_DR,0.001991421991565378,0.002179088657040316,0.0020065000988095105,0.001924674673808527,0.0017818458919652332,0.002179088657040316,0.002629375413274739,0.002672745338615437
99%_DR,0.0016817125621452931,0.0019561810006758604,0.001829663058626354,0.0015086042106744382,0.0014412394603583862,0.0018225588855033152,0.001976462580815498,0.0016392036487584225
95%_DR,0.0012933601584552482,0.0017089782314724169,0.0015726858674667517,0.0009642513830883056,0.000902882633582233,0.0014240207326339965,0.001730512200980097,0.0009882988564637102
5%_DR,0.00027151436812610646,0.00033104273396118933,0.00027950181947941025,0.00018744004566730125,0.00013952831124010024,0.00020567593668177972,0.0002661948727321276,0.00024873452303618567
1%_DR,0.0002117598497933932,0.00020096829851983433,0.00017722415998605215,0.00011436551204621787,8.824488964963065e-05,0.00011734251191907266,0.00020613242922802062,0.00018790425392299084
Min_DR,0.0001489769151960976,0.00011631719168493933,9.464901314754671e-05,5.376743740601173e-05,6.536410117897699e-05,5.376743740601173e-05,0.00015216751487910036,0.00013340161151455737
