Quantiles,pre,post,1 mo,6 mo,12 mo,total,IVH,PBI
Max_DR,0.00027804885997438606,0.00045333963185968884,0.0002493391434097645,0.00026293225413821233,0.00015491630610351282,0.00045333963185968884,0.00047151951193873093,0.0006026223191793422
99%_DR,0.00013116545324950152,0.0003594352798867936,0.0001864592670150743,6.967876245423883e-05,9.830534337445356e-05,0.00018652925457074418,0.00023651195117308638,0.00014664151425750895
95%_DR,7.691373062294357e-05,0.0001498757131822856,0.00012923051219918406,3.9480176432082785e-05,3.372342172482982e-05,9.394008294574698e-05,0.0001497225754037091,4.2945253139538116e-05
5%_DR,3.61450490007281e-06,4.7612151811170915e-06,3.8400589679407375e-06,1.8281869526096857e-06,9.822215615195406e-07,2.12112451265968e-06,3.1131445734453726e-06,2.8653773571495873e-06
1%_DR,2.169294244522906e-06,2.1244438077991626e-06,1.7944771330389346e-06,7.643242786331997e-07,5.469571607749232e-07,8.103891288889736e-07,2.0425862309184276e-06,1.7710802819534934e-06
Min_DR,1.2930942040775212e-06,7.89014985560172e-07,4.491690561372153e-07,1.7789121641161913e-07,2.3569435696883302e-07,1.7789121641161913e-07,1.2153678872492984e-06,9.917580709471013e-07
