Quantiles,pre,post,1 mo,6 mo,12 mo,total,IVH,PBI
Max_DR,0.0024177509719246807,0.002142249222505649,0.002232345086332778,0.002064982456200761,0.001805363657611456,0.0024177509719246807,0.002685451350339163,0.0027171946951500244
99%_DR,0.0017819406300681223,0.002012645952885562,0.0019483144188084424,0.0014100207677569525,0.0016020022962625114,0.0019088536073176164,0.002125464947712041,0.0018324770092116428
95%_DR,0.001457505539164009,0.0017595169639680278,0.0017229952797541887,0.0010735890414366827,0.0010009887077189136,0.0015434581884737346,0.001877941083857029,0.0011275613041143702
5%_DR,0.00034186842657836595,0.000393500277294225,0.00035340914698784876,0.0002461032957926576,0.0001871530335471189,0.0002661443642153986,0.0003140743882016132,0.00029414968187385757
1%_DR,0.00027021084395230073,0.0002721130614153169,0.00024461694101317305,0.0001632166487000201,0.00013941085595447673,0.00016758604829519519,0.000258999766694039,0.00023017954187177397
Min_DR,0.0002088159287437212,0.000167322699839005,0.00012354240380721654,7.766599220273013e-05,9.285782036703527e-05,7.766599220273013e-05,0.0001993745568864716,0.00017911287452749598
