Quantiles,pre,post,1 mo,6 mo,12 mo,total,IVH,PBI
Max_DR,0.0024300723541755736,0.002185648768153231,0.0023609901184569173,0.002160338484601135,0.0019354316399842247,0.0024300723541755736,0.0027425515644213592,0.0026620714362002797
99%_DR,0.0019063642729106839,0.002062883955405399,0.0020481955039051607,0.0017014836551246008,0.001805292443126491,0.002003997151829885,0.0021579902921412307,0.0019368672458958212
95%_DR,0.0016187564850657166,0.0018275018821357317,0.0018486232987208898,0.001218403069445695,0.0011829218479694286,0.0016731861642302244,0.0019377383947624895,0.0012057445449537465
5%_DR,0.0003961096040743854,0.00045796822208896636,0.00040036621559566896,0.00029505473876566626,0.00024204867553495707,0.0003258005474280729,0.0003813244681999244,0.00035826798126170395
1%_DR,0.000306816924617246,0.0003498602610029728,0.00028929158297049594,0.00019414144604759648,0.00018979023279774312,0.00022229079819450617,0.0002980379442308008,0.0002572574111632841
Min_DR,0.00024663536337430204,0.00018401257121428114,0.0001573812928699348,0.00011008576999446936,0.00013645511970056186,0.00011008576999446936,0.00025033841787978065,0.0002017544923880937
