Quantiles,pre,post,1 mo,6 mo,12 mo,total,IVH,PBI
Max_DR,0.0019757607134442937,0.0021408591406277475,0.0019896853753236347,0.0020246340806077652,0.001892407499362939,0.0021408591406277475,0.0026336026207475164,0.002389328165187665
99%_DR,0.0016595865874517739,0.0019231380065953525,0.001872916095838577,0.0017071917443418736,0.0015983776060362778,0.0018579297325277018,0.00200766474596945,0.0015923717854242386
95%_DR,0.0013836829451051398,0.0017119823387035408,0.0016436467099143791,0.0012008383383032336,0.0011245586897876026,0.0015138742775409725,0.0017922284107892675,0.0010787971629413866
5%_DR,0.0003757992504356271,0.00042060371147075647,0.0003910222737871698,0.00027597804102659994,0.000232200891067228,0.0003101528454484059,0.00034959206347838484,0.00033907085567719166
1%_DR,0.0002989461084004319,0.00029599286136453484,0.0002721230874778929,0.00018960857240732617,0.00017912744809058298,0.00021055003751581928,0.0002896068064965621,0.00022350602425138757
Min_DR,0.00021125746999471045,0.0002124044579987462,0.00015057195831559624,8.980835531986146e-05,0.00012365433735838684,8.980835531986146e-05,0.00022475890317740738,0.00017086570637361842
