Quantiles,pre,post,1 mo,6 mo,12 mo,total,IVH,PBI
Max_DR,0.0021989441485054293,0.0022595759270175302,0.002277303285477351,0.0022373664634874296,0.0020620098990840993,0.002277303285477351,0.002648560255635561,0.002418034172935543
99%_DR,0.0018747050329887976,0.002067197973252675,0.0020533812683290365,0.0019072580897244664,0.0018341427993108952,0.002012308692570242,0.002153518438688881,0.0019979926231460795
95%_DR,0.001610225766469272,0.0018271369859860752,0.0018712468798548559,0.001402774499795073,0.001324784955288517,0.0017230583040310238,0.0019759509743280793,0.0012490282088034493
5%_DR,0.0004770491716359751,0.0005227951049570907,0.0004983814791046118,0.000370865135838614,0.0003227713467908229,0.00040491907287667285,0.00047424586053051223,0.00038705047515746074
1%_DR,0.0003863504119975007,0.000403359744148281,0.00036876111722767825,0.00026189540468766933,0.0002481899143062046,0.0002801257584853547,0.00037045458595799365,0.0002806535987047044
Min_DR,0.00027197775743984204,0.0002946821332892476,0.0001902651432977663,0.00015526229686453264,0.00017023981136944283,0.00015526229686453264,0.00027725889472246545,0.00023532156706032055
