Quantiles,pre,post,1 mo,6 mo,12 mo,total,IVH,PBI
Max_DR,0.002383213358607013,0.002301774380131921,0.002448009217721196,0.0022984261986743796,0.0021354878233625393,0.002448009217721196,0.0025759912792895664,0.0024785962287349
99%_DR,0.002055209094802751,0.002055270344342378,0.0021437614856932275,0.0019173953159193652,0.0019140528858598055,0.002035688541362791,0.0022161542021829784,0.0020886727658768005
95%_DR,0.0017427932320153378,0.001900877311424055,0.001945809550536706,0.001504991649190629,0.0014346622023149547,0.0018117544080425143,0.002069533881612623,0.0013350100984502468
5%_DR,0.0005371918007238748,0.0005815539272227045,0.0005653964254046368,0.0004244155150196959,0.000367475965753526,0.000456523243596716,0.0004890688765976078,0.00040555080813971364
1%_DR,0.000431545904980265,0.00045402446163526374,0.0004088483580767707,0.0002923945003299883,0.00028278122320759077,0.00031936282117164165,0.000372527344315844,0.0002954134005995582
Min_DR,0.00029323546070986726,0.0003565367625567033,0.00021725156661545487,0.000177129861066728,0.00020001077951597093,0.000177129861066728,0.00028028084102335983,0.00018129726862527585
