Quantiles,pre,post,1 mo,6 mo,12 mo,total,IVH,PBI
Max_DR,0.002269182698153594,0.002186797137306555,0.0023042330762185937,0.0021497925804439496,0.002059877742638724,0.0023042330762185937,0.002581206586072419,0.002401832903291691
99%_DR,0.0019547583536737184,0.0020145050558853296,0.002069119384808007,0.0018431783881689787,0.001794986983058318,0.0019785272505711948,0.00209505180787578,0.0021110135682919566
95%_DR,0.001670245908044045,0.001855480418646799,0.0018795590136567498,0.0014491688877993837,0.001338642260430704,0.001747424946772225,0.0019365437992352305,0.0013658162204062366
5%_DR,0.0005109837023184106,0.0005646915300310463,0.0005441454886654639,0.000401838527502973,0.00035085588875018766,0.0004393440477407212,0.0005723276757490218,0.00041614421322401393
1%_DR,0.0004111098532055578,0.0004301924246126893,0.00039359844448030244,0.0002795128345277746,0.0002739697133976065,0.00031008506715787847,0.000433361000962791,0.0003072053941109162
Min_DR,0.00027479319784553846,0.00034611325429656265,0.0002114400315646845,0.000169813637153227,0.00019040041863683477,0.000169813637153227,0.0003630530796845279,0.00018895179598724416
